scenerio,teamCode,firstSimulatedId,madePlayoffs,round2,round3,round4,wonCup,firstOverall,points,wonDivision,draftLottery,wildcard1Odds,wildcard2Odds,divisionPlace2Odds,divisionPlace3Odds,round1Winin4,round1Winin5,round1Winin6,round1Winin7,round1Lossin4,round1Lossin5,round1Lossin6,round1Lossin7,round2Winin4,round2Winin5,round2Winin6,round2Winin7,round2Lossin4,round2Lossin5,round2Lossin6,round2Lossin7,round3Winin4,round3Winin5,round3Winin6,round3Winin7,round3Lossin4,round3Lossin5,round3Lossin6,round3Lossin7,round4Winin4,round4Winin5,round4Winin6,round4Winin7,round4Lossin4,round4Lossin5,round4Lossin6,round4Lossin7,divisionPlace4Odds
ALL,COL,2023020606,0.9903,0.589,0.34,0.19,0.115,0.197,110.4,0.384,0.0,0.015,0.011,0.33,0.25,0.093,0.158,0.181,0.156,0.045,0.095,0.122,0.14,0.051,0.087,0.106,0.096,0.029,0.062,0.077,0.081,0.027,0.052,0.056,0.055,0.018,0.037,0.048,0.048,0.018,0.031,0.033,0.033,0.008,0.017,0.024,0.025,0.029
WINREG,COL,2023020606,0.9922,0.592,0.338,0.188,0.114,0.227,111.2,0.416,0.0,0.013,0.008,0.325,0.23,0.093,0.16,0.185,0.154,0.045,0.095,0.119,0.141,0.05,0.085,0.108,0.096,0.029,0.063,0.079,0.083,0.027,0.052,0.054,0.055,0.017,0.039,0.047,0.047,0.018,0.028,0.033,0.034,0.008,0.017,0.024,0.024,0.023
LOSSOT,COL,2023020606,0.9893,0.586,0.338,0.191,0.117,0.188,110.2,0.381,0.0,0.018,0.011,0.326,0.253,0.097,0.155,0.177,0.157,0.042,0.095,0.126,0.141,0.056,0.088,0.099,0.095,0.027,0.064,0.079,0.078,0.026,0.055,0.058,0.053,0.018,0.033,0.051,0.045,0.017,0.033,0.035,0.031,0.007,0.017,0.026,0.023,0.033
WINOT,COL,2023020606,0.9917,0.598,0.349,0.197,0.122,0.214,111.0,0.401,0.0,0.013,0.009,0.336,0.233,0.093,0.16,0.181,0.164,0.043,0.092,0.129,0.129,0.053,0.09,0.11,0.095,0.03,0.06,0.077,0.083,0.029,0.055,0.058,0.055,0.017,0.034,0.051,0.049,0.019,0.035,0.033,0.035,0.006,0.014,0.026,0.029,0.024
LOSSREG,COL,2023020606,0.9876,0.582,0.34,0.19,0.114,0.153,109.2,0.334,0.0,0.018,0.015,0.337,0.284,0.092,0.156,0.177,0.157,0.045,0.096,0.122,0.142,0.051,0.089,0.104,0.097,0.029,0.061,0.075,0.077,0.026,0.051,0.057,0.055,0.018,0.035,0.049,0.048,0.017,0.034,0.031,0.033,0.009,0.017,0.023,0.027,0.036
ALL,WPG,2023020619,0.9883,0.516,0.237,0.111,0.055,0.19,110.3,0.38,0.0,0.015,0.011,0.335,0.247,0.066,0.14,0.143,0.166,0.061,0.116,0.157,0.139,0.028,0.062,0.07,0.077,0.04,0.071,0.088,0.079,0.014,0.025,0.037,0.034,0.016,0.034,0.035,0.041,0.007,0.013,0.019,0.016,0.006,0.015,0.016,0.019,0.031
WINREG,WPG,2023020619,0.9923,0.518,0.241,0.114,0.057,0.215,111.1,0.413,0.0,0.011,0.008,0.329,0.231,0.067,0.144,0.141,0.166,0.06,0.118,0.16,0.137,0.028,0.063,0.07,0.079,0.04,0.07,0.089,0.079,0.015,0.026,0.038,0.034,0.015,0.035,0.036,0.04,0.007,0.013,0.02,0.016,0.005,0.015,0.017,0.019,0.023
LOSSOT,WPG,2023020619,0.9875,0.53,0.241,0.112,0.054,0.175,110.0,0.364,0.0,0.016,0.013,0.347,0.248,0.068,0.143,0.147,0.173,0.061,0.111,0.154,0.131,0.028,0.064,0.072,0.078,0.045,0.071,0.091,0.083,0.013,0.025,0.041,0.033,0.019,0.034,0.035,0.041,0.008,0.013,0.018,0.016,0.008,0.017,0.015,0.018,0.031
WINOT,WPG,2023020619,0.9915,0.525,0.228,0.108,0.053,0.22,111.1,0.419,0.0,0.013,0.006,0.324,0.229,0.07,0.141,0.143,0.171,0.064,0.105,0.157,0.142,0.028,0.056,0.073,0.07,0.043,0.077,0.094,0.082,0.014,0.025,0.034,0.035,0.017,0.033,0.031,0.04,0.007,0.012,0.019,0.015,0.007,0.015,0.014,0.018,0.024
LOSSREG,WPG,2023020619,0.9815,0.503,0.233,0.108,0.053,0.147,108.9,0.321,0.0,0.021,0.017,0.343,0.279,0.063,0.133,0.145,0.162,0.061,0.118,0.154,0.145,0.028,0.061,0.068,0.076,0.038,0.071,0.085,0.077,0.013,0.024,0.037,0.034,0.015,0.034,0.034,0.041,0.007,0.013,0.018,0.015,0.006,0.014,0.015,0.02,0.046
ALL,FLA,2023020606,0.9787,0.59,0.333,0.165,0.075,0.065,106.3,0.507,0.0,0.013,0.011,0.303,0.144,0.085,0.173,0.16,0.173,0.043,0.087,0.135,0.123,0.046,0.089,0.098,0.1,0.029,0.062,0.085,0.082,0.02,0.04,0.056,0.049,0.02,0.043,0.05,0.055,0.008,0.018,0.024,0.025,0.012,0.023,0.027,0.027,0.036
WINREG,FLA,2023020606,0.985,0.594,0.334,0.161,0.072,0.087,107.2,0.548,0.0,0.011,0.008,0.289,0.129,0.085,0.176,0.161,0.172,0.045,0.087,0.137,0.122,0.046,0.092,0.095,0.102,0.029,0.062,0.087,0.082,0.021,0.037,0.057,0.047,0.02,0.046,0.05,0.057,0.008,0.017,0.025,0.023,0.012,0.023,0.025,0.028,0.026
LOSSOT,FLA,2023020606,0.9794,0.586,0.327,0.163,0.071,0.06,106.4,0.506,0.0,0.01,0.011,0.307,0.145,0.086,0.167,0.159,0.174,0.045,0.085,0.136,0.127,0.04,0.087,0.099,0.101,0.03,0.062,0.084,0.083,0.022,0.036,0.057,0.049,0.021,0.043,0.047,0.053,0.005,0.015,0.022,0.028,0.013,0.025,0.027,0.028,0.033
WINOT,FLA,2023020606,0.9861,0.599,0.34,0.168,0.077,0.084,107.4,0.555,0.0,0.013,0.01,0.288,0.12,0.085,0.173,0.16,0.182,0.043,0.09,0.139,0.115,0.049,0.09,0.099,0.102,0.029,0.058,0.087,0.086,0.017,0.041,0.059,0.05,0.021,0.041,0.054,0.056,0.007,0.019,0.027,0.024,0.012,0.024,0.028,0.027,0.03
LOSSREG,FLA,2023020606,0.9721,0.587,0.331,0.167,0.078,0.044,105.3,0.464,0.0,0.016,0.014,0.317,0.161,0.086,0.172,0.159,0.171,0.04,0.086,0.133,0.126,0.047,0.088,0.099,0.097,0.028,0.063,0.084,0.08,0.02,0.042,0.055,0.05,0.019,0.04,0.05,0.054,0.009,0.02,0.023,0.027,0.012,0.023,0.027,0.027,0.045
ALL,VAN,2023020611,0.9782,0.536,0.276,0.143,0.082,0.13,108.2,0.467,0.0,0.064,0.029,0.264,0.154,0.08,0.138,0.174,0.143,0.054,0.113,0.13,0.146,0.038,0.069,0.087,0.081,0.032,0.064,0.081,0.083,0.019,0.037,0.043,0.044,0.016,0.034,0.041,0.042,0.012,0.023,0.023,0.024,0.006,0.015,0.02,0.019,0.081
WINREG,VAN,2023020611,0.983,0.543,0.276,0.144,0.082,0.154,109.0,0.505,0.0,0.054,0.025,0.261,0.138,0.083,0.138,0.177,0.145,0.05,0.115,0.131,0.144,0.038,0.069,0.09,0.079,0.034,0.065,0.083,0.085,0.019,0.038,0.044,0.044,0.017,0.033,0.041,0.042,0.012,0.023,0.024,0.023,0.006,0.015,0.021,0.02,0.07
LOSSOT,VAN,2023020611,0.9768,0.532,0.277,0.143,0.083,0.123,108.1,0.468,0.0,0.061,0.028,0.256,0.163,0.08,0.138,0.17,0.145,0.057,0.109,0.123,0.156,0.04,0.073,0.085,0.079,0.031,0.064,0.076,0.084,0.018,0.036,0.042,0.047,0.017,0.033,0.042,0.043,0.012,0.022,0.027,0.022,0.007,0.014,0.02,0.02,0.079
WINOT,VAN,2023020611,0.9878,0.544,0.276,0.138,0.078,0.158,109.1,0.5,0.0,0.05,0.024,0.271,0.143,0.078,0.138,0.181,0.147,0.054,0.112,0.129,0.149,0.037,0.072,0.085,0.083,0.032,0.068,0.082,0.085,0.017,0.039,0.039,0.043,0.015,0.04,0.041,0.042,0.013,0.02,0.021,0.025,0.007,0.014,0.021,0.018,0.063
LOSSREG,VAN,2023020611,0.9703,0.527,0.274,0.143,0.083,0.095,107.0,0.416,0.0,0.08,0.035,0.267,0.173,0.078,0.139,0.17,0.14,0.056,0.112,0.131,0.144,0.038,0.067,0.085,0.084,0.03,0.061,0.082,0.08,0.02,0.036,0.044,0.043,0.015,0.034,0.041,0.041,0.011,0.023,0.023,0.026,0.006,0.016,0.02,0.018,0.101
ALL,DAL,2023020614,0.9774,0.536,0.279,0.141,0.078,0.099,108.1,0.234,0.0,0.027,0.019,0.314,0.383,0.073,0.143,0.163,0.157,0.051,0.108,0.138,0.144,0.036,0.075,0.085,0.083,0.032,0.063,0.081,0.081,0.018,0.033,0.047,0.042,0.017,0.036,0.042,0.044,0.011,0.021,0.025,0.022,0.007,0.015,0.019,0.021,0.054
WINREG,DAL,2023020614,0.9821,0.54,0.282,0.141,0.078,0.115,108.8,0.256,0.0,0.023,0.015,0.322,0.367,0.073,0.147,0.163,0.158,0.052,0.109,0.139,0.143,0.036,0.077,0.085,0.084,0.033,0.063,0.081,0.08,0.018,0.035,0.046,0.042,0.017,0.037,0.041,0.047,0.011,0.02,0.025,0.022,0.007,0.015,0.018,0.022,0.043
LOSSOT,DAL,2023020614,0.9763,0.532,0.278,0.138,0.071,0.092,107.8,0.226,0.0,0.032,0.023,0.308,0.388,0.077,0.139,0.159,0.157,0.05,0.111,0.143,0.141,0.037,0.072,0.088,0.082,0.028,0.065,0.084,0.076,0.017,0.032,0.046,0.043,0.017,0.034,0.044,0.044,0.011,0.022,0.021,0.019,0.009,0.015,0.02,0.023,0.063
WINOT,DAL,2023020614,0.9822,0.536,0.271,0.141,0.08,0.101,108.5,0.245,0.0,0.025,0.017,0.319,0.376,0.07,0.144,0.162,0.159,0.048,0.107,0.139,0.152,0.036,0.071,0.082,0.082,0.03,0.069,0.082,0.083,0.019,0.031,0.049,0.041,0.016,0.036,0.041,0.037,0.012,0.023,0.025,0.021,0.007,0.014,0.021,0.018,0.049
LOSSREG,DAL,2023020614,0.967,0.532,0.276,0.142,0.079,0.072,106.8,0.191,0.0,0.035,0.027,0.3,0.415,0.073,0.139,0.165,0.154,0.053,0.104,0.134,0.145,0.037,0.073,0.085,0.081,0.032,0.06,0.08,0.083,0.019,0.033,0.047,0.043,0.017,0.033,0.042,0.042,0.01,0.02,0.025,0.023,0.007,0.015,0.02,0.021,0.074
ALL,NYR,2023020610,0.9687,0.439,0.181,0.084,0.033,0.103,107.0,0.453,0.0,0.068,0.037,0.26,0.151,0.057,0.111,0.136,0.135,0.077,0.141,0.16,0.151,0.02,0.043,0.054,0.063,0.041,0.068,0.08,0.069,0.01,0.021,0.026,0.026,0.013,0.026,0.031,0.028,0.003,0.008,0.01,0.012,0.008,0.013,0.015,0.015,0.079
WINREG,NYR,2023020610,0.9728,0.443,0.183,0.083,0.033,0.114,107.5,0.475,0.0,0.063,0.034,0.26,0.141,0.06,0.113,0.134,0.137,0.076,0.144,0.159,0.152,0.022,0.043,0.055,0.064,0.041,0.07,0.079,0.07,0.01,0.02,0.025,0.027,0.014,0.025,0.032,0.028,0.003,0.007,0.01,0.012,0.007,0.013,0.016,0.014,0.073
LOSSOT,NYR,2023020610,0.9694,0.448,0.183,0.085,0.032,0.091,106.7,0.436,0.0,0.069,0.04,0.264,0.161,0.056,0.113,0.141,0.138,0.081,0.138,0.153,0.15,0.019,0.044,0.054,0.067,0.039,0.072,0.083,0.07,0.008,0.021,0.028,0.027,0.011,0.025,0.033,0.03,0.003,0.008,0.009,0.011,0.01,0.012,0.015,0.016,0.082
WINOT,NYR,2023020610,0.9748,0.449,0.182,0.086,0.034,0.121,107.7,0.478,0.0,0.065,0.036,0.258,0.138,0.057,0.105,0.147,0.14,0.075,0.138,0.161,0.152,0.022,0.046,0.052,0.061,0.043,0.069,0.084,0.071,0.009,0.023,0.028,0.026,0.013,0.03,0.029,0.025,0.002,0.008,0.012,0.012,0.008,0.015,0.015,0.014,0.074
LOSSREG,NYR,2023020610,0.9555,0.422,0.174,0.083,0.034,0.075,105.6,0.398,0.0,0.08,0.044,0.259,0.174,0.053,0.107,0.134,0.128,0.08,0.139,0.164,0.15,0.018,0.042,0.052,0.061,0.042,0.061,0.079,0.066,0.01,0.024,0.025,0.024,0.012,0.026,0.027,0.026,0.003,0.009,0.01,0.012,0.007,0.012,0.014,0.016,0.095
ALL,CAR,2023020608,0.9635,0.588,0.351,0.207,0.108,0.041,105.1,0.309,0.0,0.085,0.044,0.327,0.199,0.09,0.17,0.169,0.159,0.042,0.087,0.12,0.126,0.053,0.098,0.104,0.096,0.026,0.055,0.075,0.081,0.031,0.056,0.064,0.057,0.015,0.033,0.046,0.05,0.013,0.027,0.034,0.034,0.012,0.025,0.031,0.032,0.1
WINREG,CAR,2023020608,0.9705,0.594,0.355,0.209,0.108,0.047,105.6,0.333,0.0,0.08,0.039,0.328,0.189,0.093,0.171,0.169,0.16,0.044,0.087,0.12,0.126,0.053,0.1,0.104,0.097,0.027,0.055,0.075,0.082,0.031,0.057,0.064,0.057,0.016,0.035,0.046,0.05,0.014,0.027,0.034,0.035,0.012,0.025,0.032,0.032,0.094
LOSSOT,CAR,2023020608,0.957,0.583,0.336,0.199,0.104,0.034,104.5,0.283,0.0,0.085,0.052,0.325,0.212,0.09,0.165,0.17,0.158,0.041,0.088,0.12,0.125,0.051,0.093,0.099,0.093,0.024,0.062,0.071,0.089,0.032,0.055,0.061,0.05,0.015,0.03,0.048,0.045,0.012,0.024,0.032,0.036,0.012,0.025,0.029,0.029,0.104
WINOT,CAR,2023020608,0.9642,0.586,0.352,0.209,0.107,0.046,105.5,0.325,0.0,0.08,0.038,0.335,0.186,0.091,0.17,0.166,0.159,0.039,0.088,0.119,0.131,0.056,0.101,0.099,0.096,0.028,0.054,0.073,0.079,0.029,0.052,0.07,0.058,0.017,0.035,0.043,0.048,0.014,0.024,0.033,0.035,0.011,0.025,0.03,0.036,0.092
LOSSREG,CAR,2023020608,0.9485,0.576,0.346,0.204,0.108,0.024,103.6,0.252,0.0,0.098,0.053,0.32,0.224,0.081,0.169,0.17,0.155,0.041,0.086,0.12,0.125,0.051,0.092,0.108,0.094,0.026,0.053,0.076,0.076,0.03,0.054,0.061,0.059,0.015,0.032,0.045,0.05,0.013,0.029,0.034,0.032,0.012,0.024,0.029,0.031,0.119
ALL,LAK,2023020618,0.9592,0.507,0.256,0.126,0.066,0.07,106.2,0.318,0.0,0.088,0.044,0.302,0.208,0.067,0.14,0.147,0.153,0.057,0.113,0.146,0.136,0.032,0.068,0.076,0.081,0.032,0.063,0.08,0.077,0.015,0.033,0.038,0.04,0.018,0.031,0.041,0.04,0.009,0.016,0.021,0.02,0.007,0.014,0.018,0.021,0.118
WINREG,LAK,2023020618,0.9643,0.512,0.256,0.125,0.065,0.079,106.7,0.339,0.0,0.082,0.039,0.302,0.202,0.069,0.14,0.149,0.155,0.056,0.114,0.146,0.136,0.031,0.069,0.076,0.081,0.033,0.062,0.082,0.079,0.015,0.032,0.038,0.04,0.018,0.031,0.041,0.041,0.009,0.014,0.021,0.02,0.007,0.014,0.018,0.021,0.109
LOSSOT,LAK,2023020618,0.9628,0.508,0.254,0.126,0.065,0.062,105.9,0.294,0.0,0.088,0.047,0.315,0.219,0.059,0.142,0.153,0.153,0.058,0.113,0.146,0.138,0.031,0.067,0.079,0.077,0.031,0.063,0.079,0.081,0.013,0.034,0.036,0.043,0.017,0.034,0.038,0.039,0.01,0.015,0.021,0.019,0.007,0.015,0.017,0.021,0.121
WINOT,LAK,2023020618,0.9619,0.509,0.261,0.129,0.072,0.079,106.8,0.338,0.0,0.083,0.04,0.305,0.196,0.07,0.144,0.145,0.149,0.061,0.108,0.146,0.139,0.036,0.07,0.078,0.077,0.033,0.06,0.079,0.075,0.015,0.034,0.039,0.041,0.017,0.031,0.04,0.044,0.01,0.019,0.025,0.017,0.006,0.014,0.016,0.022,0.109
LOSSREG,LAK,2023020618,0.9421,0.495,0.253,0.124,0.066,0.046,104.7,0.262,0.0,0.104,0.057,0.293,0.226,0.065,0.139,0.142,0.149,0.054,0.114,0.146,0.134,0.031,0.064,0.075,0.083,0.029,0.064,0.078,0.07,0.015,0.034,0.037,0.038,0.018,0.028,0.045,0.039,0.009,0.017,0.02,0.02,0.008,0.013,0.018,0.02,0.144
ALL,BOS,2023020607,0.9258,0.425,0.183,0.078,0.031,0.039,102.8,0.276,0.001,0.027,0.028,0.329,0.265,0.052,0.106,0.135,0.132,0.07,0.133,0.149,0.148,0.021,0.044,0.057,0.06,0.035,0.065,0.074,0.068,0.009,0.019,0.024,0.026,0.017,0.029,0.031,0.028,0.003,0.007,0.01,0.011,0.007,0.013,0.014,0.013,0.092
WINREG,BOS,2023020607,0.9425,0.433,0.185,0.077,0.031,0.047,103.6,0.304,0.0,0.02,0.022,0.341,0.256,0.054,0.108,0.136,0.135,0.069,0.136,0.151,0.152,0.021,0.045,0.058,0.061,0.036,0.067,0.075,0.071,0.009,0.018,0.024,0.026,0.018,0.029,0.031,0.03,0.003,0.007,0.01,0.01,0.007,0.013,0.014,0.012,0.072
LOSSOT,BOS,2023020607,0.9188,0.42,0.186,0.082,0.033,0.037,102.6,0.269,0.001,0.029,0.032,0.322,0.266,0.053,0.108,0.135,0.124,0.073,0.134,0.148,0.144,0.024,0.046,0.058,0.058,0.036,0.063,0.07,0.066,0.009,0.02,0.025,0.028,0.016,0.031,0.031,0.025,0.003,0.006,0.01,0.013,0.007,0.014,0.015,0.013,0.102
WINOT,BOS,2023020607,0.9413,0.431,0.179,0.077,0.03,0.046,103.6,0.291,0.0,0.025,0.028,0.343,0.254,0.052,0.108,0.146,0.126,0.067,0.141,0.148,0.155,0.018,0.045,0.056,0.06,0.036,0.065,0.079,0.072,0.011,0.017,0.023,0.026,0.019,0.029,0.03,0.023,0.003,0.007,0.011,0.01,0.006,0.014,0.012,0.016,0.084
LOSSREG,BOS,2023020607,0.9007,0.413,0.181,0.078,0.03,0.027,101.6,0.238,0.001,0.037,0.034,0.311,0.281,0.049,0.101,0.131,0.133,0.072,0.126,0.148,0.142,0.021,0.043,0.056,0.06,0.032,0.064,0.072,0.064,0.009,0.019,0.023,0.026,0.016,0.028,0.031,0.029,0.003,0.007,0.01,0.01,0.007,0.014,0.014,0.012,0.118
ALL,NJD,2023020611,0.8776,0.494,0.279,0.156,0.077,0.015,100.9,0.162,0.001,0.143,0.092,0.223,0.258,0.074,0.132,0.152,0.136,0.044,0.099,0.114,0.127,0.041,0.074,0.086,0.078,0.024,0.054,0.065,0.072,0.022,0.041,0.046,0.047,0.014,0.029,0.039,0.04,0.009,0.018,0.025,0.024,0.01,0.02,0.025,0.024,0.176
WINREG,NJD,2023020611,0.8973,0.51,0.283,0.156,0.077,0.02,101.7,0.188,0.001,0.136,0.085,0.233,0.255,0.073,0.137,0.158,0.142,0.046,0.101,0.116,0.124,0.042,0.075,0.086,0.08,0.026,0.057,0.069,0.075,0.022,0.039,0.048,0.046,0.016,0.03,0.039,0.042,0.01,0.019,0.025,0.024,0.009,0.019,0.025,0.026,0.166
LOSSOT,NJD,2023020611,0.8801,0.503,0.288,0.164,0.084,0.014,100.9,0.155,0.001,0.145,0.091,0.228,0.261,0.076,0.135,0.154,0.14,0.043,0.094,0.108,0.132,0.044,0.079,0.086,0.079,0.022,0.057,0.065,0.07,0.021,0.045,0.049,0.049,0.015,0.031,0.042,0.036,0.011,0.019,0.028,0.027,0.008,0.022,0.026,0.023,0.176
WINOT,NJD,2023020611,0.8956,0.503,0.285,0.154,0.077,0.019,101.8,0.177,0.001,0.136,0.081,0.241,0.261,0.08,0.132,0.155,0.137,0.043,0.1,0.122,0.128,0.039,0.073,0.089,0.084,0.023,0.053,0.065,0.076,0.02,0.042,0.041,0.05,0.013,0.032,0.042,0.043,0.009,0.018,0.026,0.025,0.01,0.022,0.023,0.023,0.167
LOSSREG,NJD,2023020611,0.853,0.474,0.27,0.154,0.075,0.009,99.9,0.134,0.001,0.151,0.102,0.206,0.26,0.072,0.126,0.145,0.13,0.043,0.097,0.112,0.127,0.041,0.071,0.085,0.074,0.022,0.051,0.061,0.069,0.022,0.04,0.045,0.046,0.013,0.027,0.038,0.039,0.009,0.018,0.023,0.024,0.011,0.019,0.027,0.023,0.189
ALL,EDM,2023020615,0.8761,0.476,0.261,0.14,0.079,0.017,101.5,0.119,0.001,0.16,0.096,0.23,0.271,0.066,0.126,0.146,0.139,0.047,0.099,0.124,0.13,0.034,0.069,0.081,0.077,0.026,0.054,0.066,0.069,0.019,0.038,0.042,0.042,0.016,0.029,0.038,0.038,0.011,0.021,0.025,0.022,0.006,0.013,0.022,0.02,0.225
WINREG,EDM,2023020615,0.8873,0.482,0.263,0.143,0.079,0.02,102.0,0.131,0.001,0.156,0.089,0.243,0.268,0.066,0.128,0.147,0.14,0.048,0.101,0.123,0.134,0.035,0.069,0.081,0.079,0.027,0.054,0.067,0.07,0.019,0.038,0.043,0.043,0.015,0.029,0.039,0.037,0.011,0.022,0.025,0.022,0.006,0.014,0.022,0.021,0.216
LOSSOT,EDM,2023020615,0.8689,0.487,0.266,0.141,0.08,0.013,101.1,0.108,0.001,0.166,0.101,0.217,0.277,0.069,0.126,0.146,0.146,0.045,0.094,0.124,0.119,0.034,0.074,0.079,0.079,0.027,0.057,0.068,0.068,0.019,0.042,0.04,0.04,0.018,0.026,0.042,0.039,0.013,0.02,0.026,0.021,0.008,0.014,0.02,0.019,0.229
WINOT,EDM,2023020615,0.8927,0.472,0.257,0.136,0.077,0.018,102.0,0.122,0.001,0.152,0.099,0.238,0.282,0.071,0.124,0.141,0.136,0.048,0.106,0.133,0.134,0.034,0.066,0.08,0.076,0.026,0.056,0.064,0.068,0.018,0.037,0.042,0.039,0.016,0.031,0.035,0.039,0.009,0.022,0.024,0.023,0.008,0.011,0.018,0.022,0.219
LOSSREG,EDM,2023020615,0.8409,0.457,0.256,0.134,0.077,0.009,100.0,0.09,0.001,0.172,0.113,0.197,0.269,0.061,0.119,0.144,0.133,0.045,0.095,0.121,0.123,0.035,0.065,0.082,0.074,0.023,0.048,0.064,0.067,0.019,0.037,0.039,0.04,0.015,0.031,0.036,0.04,0.01,0.02,0.024,0.023,0.006,0.011,0.022,0.017,0.252
ALL,TOR,2023020613,0.8722,0.489,0.259,0.132,0.061,0.02,101.1,0.199,0.001,0.034,0.036,0.287,0.317,0.071,0.13,0.148,0.139,0.044,0.096,0.118,0.125,0.035,0.068,0.079,0.077,0.028,0.057,0.071,0.074,0.017,0.035,0.041,0.04,0.015,0.031,0.04,0.039,0.008,0.015,0.019,0.019,0.01,0.018,0.022,0.021,0.129
WINREG,TOR,2023020613,0.8824,0.493,0.26,0.133,0.062,0.023,101.5,0.212,0.001,0.033,0.035,0.292,0.311,0.072,0.13,0.149,0.141,0.044,0.097,0.121,0.127,0.035,0.069,0.079,0.077,0.028,0.058,0.072,0.075,0.017,0.035,0.04,0.041,0.016,0.032,0.04,0.039,0.008,0.015,0.02,0.019,0.01,0.018,0.022,0.022,0.123
LOSSOT,TOR,2023020613,0.862,0.48,0.246,0.125,0.059,0.016,100.5,0.185,0.002,0.038,0.037,0.275,0.328,0.068,0.129,0.149,0.135,0.049,0.101,0.116,0.116,0.034,0.071,0.069,0.072,0.027,0.055,0.076,0.076,0.017,0.031,0.039,0.038,0.015,0.029,0.039,0.038,0.008,0.014,0.016,0.021,0.01,0.018,0.019,0.019,0.137
WINOT,TOR,2023020613,0.8818,0.488,0.266,0.134,0.058,0.021,101.4,0.211,0.001,0.032,0.034,0.291,0.313,0.068,0.13,0.149,0.141,0.045,0.096,0.123,0.13,0.036,0.067,0.084,0.079,0.028,0.054,0.064,0.076,0.015,0.037,0.046,0.036,0.016,0.03,0.041,0.044,0.007,0.016,0.017,0.018,0.012,0.019,0.022,0.023,0.124
LOSSREG,TOR,2023020613,0.8372,0.481,0.258,0.133,0.063,0.011,99.6,0.155,0.002,0.035,0.04,0.275,0.333,0.072,0.131,0.144,0.134,0.042,0.089,0.105,0.119,0.034,0.065,0.082,0.076,0.026,0.057,0.069,0.07,0.017,0.035,0.039,0.041,0.014,0.031,0.041,0.039,0.008,0.017,0.019,0.02,0.01,0.02,0.021,0.019,0.147
ALL,VGK,2023020616,0.7972,0.329,0.144,0.064,0.032,0.011,99.8,0.084,0.002,0.191,0.13,0.157,0.235,0.037,0.08,0.101,0.11,0.071,0.13,0.139,0.129,0.018,0.035,0.046,0.045,0.027,0.05,0.056,0.052,0.008,0.016,0.02,0.02,0.012,0.021,0.024,0.022,0.004,0.008,0.01,0.01,0.004,0.008,0.009,0.01,0.281
WINREG,VGK,2023020616,0.8199,0.339,0.147,0.065,0.033,0.014,100.5,0.094,0.001,0.19,0.126,0.168,0.242,0.037,0.081,0.104,0.117,0.075,0.133,0.144,0.129,0.019,0.037,0.046,0.046,0.026,0.052,0.059,0.055,0.009,0.016,0.02,0.021,0.012,0.022,0.026,0.022,0.004,0.008,0.011,0.01,0.004,0.008,0.01,0.01,0.277
LOSSOT,VGK,2023020616,0.7903,0.331,0.146,0.062,0.032,0.011,99.6,0.079,0.002,0.197,0.127,0.155,0.233,0.039,0.082,0.104,0.106,0.067,0.123,0.139,0.13,0.018,0.031,0.047,0.05,0.027,0.047,0.056,0.055,0.008,0.017,0.018,0.02,0.014,0.023,0.023,0.023,0.004,0.009,0.009,0.011,0.004,0.008,0.01,0.008,0.284
WINOT,VGK,2023020616,0.8221,0.333,0.147,0.061,0.031,0.015,100.6,0.102,0.001,0.184,0.12,0.166,0.25,0.039,0.084,0.106,0.104,0.072,0.131,0.149,0.138,0.018,0.031,0.052,0.046,0.025,0.051,0.059,0.051,0.006,0.015,0.022,0.019,0.012,0.025,0.026,0.024,0.003,0.007,0.008,0.012,0.003,0.008,0.008,0.011,0.263
LOSSREG,VGK,2023020616,0.7534,0.31,0.136,0.064,0.032,0.005,98.4,0.061,0.002,0.192,0.142,0.138,0.22,0.035,0.077,0.094,0.104,0.065,0.127,0.129,0.123,0.016,0.034,0.044,0.042,0.028,0.048,0.051,0.047,0.008,0.016,0.02,0.021,0.011,0.018,0.021,0.021,0.004,0.008,0.009,0.01,0.004,0.008,0.01,0.011,0.293
ALL,PHI,2023020605,0.5751,0.231,0.099,0.045,0.019,0.001,94.0,0.028,0.007,0.167,0.174,0.069,0.138,0.026,0.053,0.078,0.073,0.05,0.1,0.097,0.097,0.011,0.024,0.034,0.031,0.019,0.037,0.037,0.039,0.006,0.011,0.014,0.015,0.008,0.013,0.018,0.015,0.002,0.005,0.005,0.006,0.005,0.007,0.008,0.007,0.218
WINREG,PHI,2023020605,0.6128,0.244,0.104,0.047,0.019,0.002,94.8,0.033,0.005,0.177,0.176,0.079,0.148,0.027,0.054,0.083,0.08,0.053,0.106,0.103,0.106,0.012,0.025,0.034,0.033,0.02,0.04,0.039,0.041,0.005,0.011,0.015,0.015,0.008,0.014,0.019,0.016,0.002,0.004,0.006,0.007,0.004,0.008,0.008,0.007,0.228
LOSSOT,PHI,2023020605,0.5675,0.232,0.095,0.045,0.018,0.001,93.8,0.028,0.007,0.161,0.175,0.067,0.136,0.029,0.055,0.077,0.071,0.051,0.099,0.089,0.097,0.011,0.025,0.031,0.029,0.018,0.037,0.04,0.042,0.006,0.01,0.013,0.015,0.006,0.014,0.017,0.013,0.002,0.005,0.005,0.006,0.006,0.007,0.007,0.006,0.217
WINOT,PHI,2023020605,0.608,0.239,0.102,0.044,0.017,0.003,94.9,0.035,0.006,0.178,0.165,0.076,0.155,0.03,0.058,0.082,0.069,0.054,0.113,0.103,0.098,0.009,0.025,0.035,0.032,0.02,0.037,0.037,0.044,0.007,0.011,0.011,0.015,0.007,0.016,0.016,0.018,0.001,0.004,0.006,0.005,0.004,0.006,0.009,0.008,0.226
LOSSREG,PHI,2023020605,0.5241,0.212,0.094,0.044,0.019,0.001,92.9,0.02,0.008,0.153,0.174,0.056,0.121,0.023,0.049,0.072,0.068,0.046,0.089,0.09,0.088,0.009,0.022,0.034,0.028,0.018,0.033,0.033,0.035,0.005,0.012,0.013,0.015,0.008,0.012,0.017,0.014,0.002,0.005,0.005,0.006,0.004,0.007,0.007,0.007,0.205
ALL,NYI,2023020616,0.5582,0.209,0.085,0.035,0.012,0.001,93.7,0.027,0.007,0.161,0.167,0.068,0.135,0.023,0.048,0.069,0.069,0.055,0.101,0.097,0.095,0.01,0.019,0.027,0.029,0.018,0.035,0.036,0.035,0.004,0.008,0.01,0.013,0.007,0.012,0.016,0.014,0.001,0.003,0.004,0.005,0.004,0.006,0.007,0.006,0.209
WINREG,NYI,2023020616,0.6083,0.229,0.093,0.037,0.013,0.002,94.8,0.035,0.006,0.173,0.167,0.082,0.152,0.026,0.051,0.077,0.074,0.061,0.11,0.103,0.105,0.012,0.021,0.029,0.031,0.02,0.04,0.037,0.038,0.004,0.008,0.011,0.014,0.009,0.014,0.018,0.015,0.001,0.003,0.004,0.005,0.004,0.007,0.007,0.005,0.22
LOSSOT,NYI,2023020616,0.5572,0.215,0.088,0.036,0.012,0.002,93.8,0.028,0.008,0.171,0.162,0.067,0.13,0.024,0.05,0.07,0.071,0.053,0.1,0.099,0.089,0.011,0.022,0.024,0.031,0.019,0.03,0.041,0.037,0.003,0.008,0.01,0.015,0.008,0.012,0.018,0.014,0.001,0.003,0.004,0.004,0.004,0.007,0.008,0.005,0.215
WINOT,NYI,2023020616,0.6094,0.223,0.085,0.033,0.012,0.001,94.8,0.035,0.006,0.176,0.166,0.085,0.148,0.023,0.055,0.072,0.073,0.061,0.108,0.109,0.108,0.01,0.017,0.029,0.029,0.019,0.037,0.043,0.039,0.004,0.009,0.009,0.011,0.007,0.014,0.018,0.013,0.001,0.003,0.005,0.004,0.003,0.005,0.008,0.005,0.225
LOSSREG,NYI,2023020616,0.5152,0.193,0.079,0.034,0.012,0.001,92.8,0.021,0.009,0.147,0.168,0.056,0.122,0.021,0.043,0.064,0.065,0.051,0.095,0.089,0.088,0.009,0.018,0.026,0.026,0.016,0.033,0.033,0.032,0.003,0.008,0.01,0.012,0.007,0.011,0.015,0.013,0.001,0.002,0.003,0.005,0.004,0.006,0.006,0.006,0.197
ALL,PIT,2023020612,0.4862,0.199,0.086,0.038,0.015,0.001,92.1,0.02,0.009,0.143,0.163,0.051,0.11,0.023,0.047,0.065,0.065,0.043,0.081,0.083,0.08,0.01,0.02,0.029,0.028,0.017,0.03,0.032,0.033,0.004,0.009,0.012,0.013,0.007,0.013,0.015,0.013,0.001,0.003,0.005,0.005,0.004,0.006,0.008,0.006,0.187
WINREG,PIT,2023020612,0.5244,0.213,0.093,0.043,0.017,0.001,92.9,0.025,0.008,0.15,0.17,0.06,0.12,0.024,0.05,0.068,0.071,0.045,0.09,0.091,0.086,0.011,0.022,0.031,0.029,0.019,0.034,0.033,0.034,0.005,0.01,0.013,0.014,0.008,0.014,0.015,0.013,0.001,0.003,0.006,0.007,0.004,0.006,0.009,0.007,0.195
LOSSOT,PIT,2023020612,0.4601,0.189,0.081,0.033,0.014,0.0,91.7,0.016,0.01,0.138,0.159,0.042,0.104,0.02,0.046,0.059,0.065,0.044,0.08,0.074,0.073,0.007,0.018,0.029,0.026,0.015,0.029,0.032,0.033,0.004,0.009,0.011,0.01,0.006,0.013,0.015,0.014,0.001,0.004,0.004,0.005,0.003,0.007,0.006,0.004,0.185
WINOT,PIT,2023020612,0.5233,0.208,0.087,0.034,0.011,0.001,92.9,0.025,0.008,0.151,0.169,0.06,0.12,0.025,0.052,0.064,0.067,0.05,0.084,0.093,0.089,0.01,0.02,0.03,0.028,0.018,0.03,0.036,0.037,0.003,0.009,0.01,0.012,0.008,0.012,0.017,0.015,0.001,0.002,0.004,0.003,0.004,0.005,0.007,0.007,0.196
LOSSREG,PIT,2023020612,0.4253,0.178,0.078,0.035,0.014,0.001,90.9,0.013,0.012,0.13,0.151,0.039,0.093,0.021,0.04,0.061,0.055,0.038,0.067,0.072,0.071,0.009,0.017,0.025,0.027,0.014,0.027,0.03,0.03,0.005,0.008,0.01,0.011,0.007,0.012,0.014,0.011,0.002,0.003,0.005,0.005,0.004,0.005,0.007,0.005,0.174
ALL,TBL,2023020607,0.4214,0.19,0.084,0.035,0.013,0.0,90.4,0.014,0.012,0.084,0.098,0.057,0.168,0.022,0.048,0.055,0.065,0.035,0.059,0.074,0.063,0.009,0.023,0.025,0.028,0.015,0.028,0.033,0.03,0.004,0.008,0.011,0.011,0.007,0.015,0.014,0.014,0.001,0.003,0.005,0.004,0.003,0.006,0.006,0.006,0.363
WINREG,TBL,2023020607,0.4718,0.21,0.092,0.038,0.014,0.0,91.4,0.02,0.01,0.088,0.099,0.072,0.193,0.025,0.051,0.063,0.071,0.041,0.066,0.082,0.072,0.011,0.024,0.027,0.03,0.017,0.031,0.036,0.034,0.004,0.009,0.012,0.012,0.007,0.016,0.016,0.015,0.001,0.003,0.004,0.005,0.003,0.008,0.007,0.007,0.363
LOSSOT,TBL,2023020607,0.4143,0.192,0.085,0.037,0.016,0.0,90.5,0.014,0.012,0.086,0.099,0.053,0.162,0.022,0.052,0.049,0.069,0.035,0.055,0.073,0.06,0.007,0.022,0.027,0.03,0.016,0.028,0.033,0.031,0.003,0.008,0.011,0.015,0.005,0.013,0.016,0.013,0.002,0.003,0.006,0.005,0.003,0.006,0.006,0.006,0.375
WINOT,TBL,2023020607,0.4723,0.215,0.093,0.035,0.011,0.0,91.4,0.019,0.01,0.1,0.105,0.069,0.18,0.021,0.06,0.062,0.072,0.039,0.066,0.084,0.068,0.01,0.025,0.028,0.03,0.016,0.038,0.038,0.03,0.005,0.009,0.012,0.01,0.009,0.018,0.014,0.017,0.002,0.003,0.003,0.002,0.004,0.007,0.007,0.006,0.38
LOSSREG,TBL,2023020607,0.3709,0.168,0.076,0.031,0.013,0.0,89.4,0.009,0.015,0.077,0.095,0.043,0.147,0.02,0.041,0.049,0.058,0.029,0.053,0.065,0.055,0.008,0.021,0.022,0.025,0.014,0.024,0.028,0.027,0.004,0.007,0.01,0.01,0.007,0.013,0.012,0.012,0.001,0.003,0.005,0.004,0.003,0.005,0.005,0.005,0.354
ALL,SEA,2023020625,0.4162,0.164,0.072,0.033,0.017,0.0,92.0,0.009,0.01,0.115,0.173,0.033,0.087,0.019,0.037,0.056,0.052,0.037,0.075,0.069,0.072,0.009,0.016,0.025,0.023,0.011,0.026,0.026,0.028,0.004,0.008,0.009,0.011,0.006,0.01,0.013,0.011,0.002,0.005,0.005,0.005,0.002,0.004,0.005,0.005,0.182
WINREG,SEA,2023020625,0.4509,0.176,0.079,0.035,0.017,0.001,92.8,0.011,0.008,0.125,0.179,0.039,0.097,0.019,0.04,0.06,0.057,0.04,0.08,0.078,0.077,0.009,0.018,0.027,0.025,0.013,0.028,0.028,0.029,0.004,0.009,0.01,0.013,0.007,0.012,0.013,0.011,0.002,0.005,0.005,0.005,0.002,0.004,0.005,0.006,0.195
LOSSOT,SEA,2023020625,0.4096,0.163,0.07,0.034,0.018,0.0,91.9,0.007,0.01,0.112,0.172,0.03,0.088,0.021,0.035,0.052,0.054,0.039,0.074,0.067,0.067,0.009,0.018,0.022,0.021,0.01,0.023,0.026,0.033,0.005,0.008,0.011,0.011,0.005,0.009,0.011,0.012,0.002,0.005,0.004,0.007,0.002,0.004,0.005,0.005,0.177
WINOT,SEA,2023020625,0.4491,0.182,0.079,0.037,0.019,0.001,92.7,0.01,0.009,0.129,0.184,0.037,0.089,0.022,0.043,0.063,0.053,0.04,0.079,0.071,0.077,0.01,0.018,0.025,0.026,0.011,0.031,0.027,0.034,0.004,0.01,0.009,0.014,0.006,0.01,0.013,0.014,0.002,0.006,0.006,0.005,0.002,0.004,0.006,0.006,0.195
LOSSREG,SEA,2023020625,0.3645,0.142,0.063,0.028,0.015,0.0,90.9,0.006,0.012,0.098,0.161,0.026,0.073,0.017,0.032,0.049,0.045,0.033,0.066,0.058,0.065,0.009,0.012,0.022,0.02,0.011,0.023,0.022,0.023,0.003,0.007,0.008,0.009,0.005,0.009,0.012,0.01,0.002,0.004,0.004,0.005,0.002,0.003,0.004,0.003,0.163
ALL,NSH,2023020614,0.2776,0.095,0.035,0.013,0.005,0.0,88.9,0.001,0.017,0.096,0.125,0.009,0.046,0.009,0.021,0.029,0.035,0.031,0.052,0.058,0.042,0.004,0.008,0.011,0.012,0.01,0.016,0.018,0.015,0.002,0.003,0.004,0.005,0.004,0.006,0.006,0.006,0.001,0.001,0.001,0.002,0.001,0.002,0.002,0.002,0.312
WINREG,NSH,2023020614,0.325,0.107,0.039,0.014,0.006,0.0,90.0,0.002,0.014,0.112,0.138,0.012,0.061,0.01,0.023,0.034,0.039,0.036,0.063,0.067,0.051,0.004,0.009,0.013,0.013,0.012,0.018,0.023,0.016,0.002,0.003,0.005,0.005,0.004,0.006,0.008,0.006,0.001,0.002,0.002,0.002,0.001,0.002,0.002,0.003,0.337
LOSSOT,NSH,2023020614,0.282,0.104,0.039,0.016,0.005,0.0,89.1,0.001,0.016,0.104,0.125,0.009,0.043,0.01,0.024,0.03,0.041,0.031,0.045,0.059,0.042,0.004,0.009,0.013,0.013,0.013,0.015,0.02,0.017,0.002,0.002,0.005,0.007,0.003,0.006,0.007,0.006,0.001,0.001,0.002,0.002,0.001,0.002,0.004,0.003,0.317
WINOT,NSH,2023020614,0.3241,0.109,0.039,0.015,0.007,0.0,90.1,0.002,0.015,0.115,0.135,0.012,0.059,0.009,0.025,0.037,0.039,0.039,0.062,0.065,0.049,0.004,0.009,0.013,0.014,0.011,0.022,0.021,0.016,0.002,0.003,0.005,0.005,0.005,0.006,0.007,0.006,0.0,0.002,0.002,0.002,0.001,0.002,0.002,0.003,0.339
LOSSREG,NSH,2023020614,0.2408,0.082,0.031,0.011,0.005,0.0,88.0,0.001,0.02,0.081,0.117,0.006,0.036,0.008,0.019,0.024,0.031,0.027,0.045,0.051,0.036,0.003,0.007,0.01,0.011,0.007,0.014,0.015,0.014,0.001,0.002,0.003,0.004,0.003,0.006,0.006,0.006,0.001,0.001,0.001,0.002,0.001,0.002,0.002,0.001,0.291
ALL,CGY,2023020605,0.2465,0.084,0.032,0.013,0.006,0.0,88.3,0.003,0.018,0.064,0.12,0.014,0.045,0.009,0.018,0.027,0.031,0.029,0.046,0.048,0.04,0.003,0.007,0.011,0.011,0.007,0.015,0.015,0.014,0.002,0.003,0.004,0.005,0.003,0.006,0.006,0.005,0.001,0.001,0.002,0.002,0.001,0.002,0.002,0.002,0.113
WINREG,CGY,2023020605,0.2822,0.096,0.038,0.015,0.007,0.0,89.3,0.004,0.015,0.074,0.131,0.018,0.055,0.01,0.02,0.032,0.034,0.033,0.054,0.054,0.046,0.004,0.009,0.014,0.012,0.008,0.018,0.016,0.016,0.002,0.003,0.005,0.005,0.004,0.007,0.006,0.006,0.001,0.002,0.002,0.002,0.001,0.002,0.003,0.002,0.124
LOSSOT,CGY,2023020605,0.2362,0.079,0.028,0.013,0.005,0.0,88.2,0.003,0.019,0.063,0.12,0.013,0.038,0.01,0.017,0.023,0.03,0.027,0.046,0.046,0.039,0.002,0.007,0.008,0.01,0.007,0.014,0.015,0.015,0.001,0.003,0.003,0.005,0.003,0.003,0.005,0.004,0.001,0.001,0.001,0.002,0.002,0.002,0.003,0.001,0.114
WINOT,CGY,2023020605,0.2757,0.094,0.037,0.013,0.005,0.0,89.1,0.004,0.016,0.077,0.127,0.017,0.051,0.009,0.021,0.028,0.036,0.034,0.051,0.054,0.043,0.005,0.008,0.012,0.013,0.009,0.016,0.018,0.015,0.001,0.003,0.005,0.004,0.003,0.008,0.006,0.007,0.001,0.001,0.002,0.001,0.001,0.002,0.003,0.002,0.13
LOSSREG,CGY,2023020605,0.2086,0.071,0.028,0.011,0.005,0.0,87.3,0.002,0.021,0.052,0.108,0.01,0.036,0.007,0.015,0.023,0.026,0.024,0.038,0.041,0.035,0.002,0.006,0.009,0.01,0.006,0.012,0.013,0.012,0.001,0.002,0.003,0.005,0.003,0.005,0.005,0.004,0.001,0.001,0.001,0.002,0.001,0.001,0.002,0.002,0.097
ALL,ARI,2023020619,0.2258,0.078,0.03,0.011,0.004,0.0,87.3,0.001,0.022,0.078,0.105,0.006,0.035,0.008,0.018,0.023,0.029,0.026,0.041,0.045,0.036,0.003,0.007,0.009,0.011,0.007,0.013,0.015,0.013,0.001,0.003,0.003,0.004,0.003,0.005,0.006,0.005,0.0,0.001,0.001,0.002,0.001,0.002,0.002,0.002,0.252
WINREG,ARI,2023020619,0.2612,0.089,0.035,0.013,0.005,0.0,88.3,0.002,0.019,0.089,0.115,0.009,0.046,0.009,0.02,0.027,0.033,0.031,0.045,0.053,0.043,0.003,0.009,0.011,0.012,0.008,0.014,0.017,0.014,0.001,0.003,0.004,0.005,0.002,0.007,0.006,0.006,0.0,0.001,0.001,0.002,0.001,0.002,0.002,0.002,0.273
LOSSOT,ARI,2023020619,0.2203,0.077,0.027,0.01,0.003,0.0,87.3,0.001,0.022,0.08,0.102,0.005,0.032,0.006,0.02,0.024,0.027,0.023,0.041,0.045,0.034,0.003,0.007,0.007,0.01,0.007,0.014,0.016,0.012,0.0,0.003,0.003,0.004,0.003,0.004,0.005,0.005,0.0,0.0,0.002,0.001,0.001,0.003,0.002,0.001,0.253
WINOT,ARI,2023020619,0.2684,0.091,0.034,0.011,0.004,0.0,88.4,0.001,0.019,0.094,0.121,0.008,0.045,0.011,0.02,0.025,0.036,0.029,0.056,0.051,0.042,0.004,0.008,0.01,0.013,0.01,0.017,0.017,0.012,0.001,0.003,0.003,0.005,0.004,0.006,0.007,0.006,0.001,0.001,0.001,0.001,0.001,0.002,0.002,0.002,0.285
LOSSREG,ARI,2023020619,0.1919,0.067,0.026,0.01,0.004,0.0,86.3,0.0,0.025,0.065,0.096,0.004,0.026,0.006,0.015,0.02,0.025,0.022,0.035,0.039,0.03,0.003,0.006,0.008,0.01,0.006,0.011,0.012,0.012,0.001,0.002,0.004,0.003,0.002,0.005,0.005,0.004,0.0,0.001,0.001,0.001,0.001,0.002,0.002,0.002,0.229
ALL,MIN,2023020609,0.184,0.069,0.03,0.014,0.006,0.0,86.7,0.001,0.025,0.061,0.09,0.005,0.028,0.007,0.015,0.024,0.022,0.017,0.034,0.032,0.033,0.003,0.007,0.011,0.009,0.004,0.01,0.011,0.012,0.001,0.003,0.004,0.005,0.002,0.004,0.006,0.005,0.001,0.002,0.002,0.002,0.001,0.002,0.003,0.002,0.219
WINREG,MIN,2023020609,0.206,0.078,0.034,0.014,0.007,0.0,87.4,0.001,0.022,0.068,0.097,0.006,0.034,0.009,0.018,0.027,0.025,0.019,0.04,0.035,0.035,0.003,0.009,0.012,0.009,0.005,0.012,0.013,0.014,0.001,0.003,0.004,0.006,0.003,0.004,0.006,0.006,0.001,0.002,0.002,0.002,0.001,0.002,0.003,0.002,0.235
LOSSOT,MIN,2023020609,0.1776,0.068,0.027,0.014,0.007,0.0,86.5,0.0,0.025,0.061,0.09,0.004,0.023,0.007,0.016,0.021,0.023,0.016,0.03,0.031,0.034,0.002,0.005,0.009,0.011,0.003,0.012,0.012,0.012,0.002,0.005,0.003,0.005,0.002,0.003,0.004,0.004,0.001,0.002,0.002,0.002,0.001,0.002,0.003,0.002,0.215
WINOT,MIN,2023020609,0.2124,0.077,0.035,0.015,0.007,0.0,87.6,0.001,0.022,0.071,0.101,0.005,0.033,0.008,0.016,0.029,0.025,0.02,0.037,0.037,0.041,0.004,0.007,0.012,0.011,0.005,0.01,0.015,0.012,0.002,0.004,0.005,0.004,0.003,0.006,0.007,0.004,0.001,0.002,0.002,0.002,0.001,0.002,0.003,0.002,0.245
LOSSREG,MIN,2023020609,0.1492,0.055,0.026,0.012,0.005,0.0,85.5,0.0,0.029,0.049,0.076,0.003,0.021,0.006,0.012,0.02,0.017,0.014,0.027,0.026,0.027,0.003,0.006,0.008,0.008,0.004,0.008,0.008,0.009,0.001,0.003,0.003,0.004,0.002,0.003,0.005,0.004,0.001,0.002,0.001,0.002,0.001,0.002,0.002,0.002,0.191
ALL,BUF,2023020612,0.1514,0.071,0.034,0.016,0.006,0.0,84.3,0.002,0.031,0.028,0.054,0.013,0.054,0.009,0.018,0.022,0.023,0.011,0.021,0.025,0.023,0.004,0.008,0.011,0.011,0.005,0.01,0.011,0.011,0.002,0.004,0.005,0.005,0.002,0.005,0.005,0.006,0.001,0.001,0.002,0.002,0.001,0.003,0.003,0.003,0.181
WINREG,BUF,2023020612,0.1876,0.09,0.042,0.019,0.007,0.0,85.3,0.003,0.027,0.035,0.066,0.017,0.066,0.01,0.023,0.026,0.03,0.014,0.025,0.032,0.027,0.005,0.009,0.014,0.014,0.008,0.013,0.013,0.014,0.002,0.005,0.006,0.006,0.002,0.006,0.007,0.007,0.001,0.002,0.003,0.002,0.002,0.004,0.004,0.003,0.199
LOSSOT,BUF,2023020612,0.1443,0.067,0.031,0.014,0.005,0.0,84.3,0.003,0.031,0.027,0.052,0.01,0.052,0.008,0.015,0.022,0.023,0.009,0.022,0.022,0.023,0.005,0.006,0.011,0.01,0.005,0.008,0.01,0.013,0.003,0.004,0.004,0.004,0.002,0.004,0.004,0.007,0.001,0.001,0.001,0.001,0.0,0.003,0.002,0.004,0.181
WINOT,BUF,2023020612,0.1794,0.079,0.039,0.017,0.006,0.0,85.4,0.002,0.028,0.037,0.059,0.016,0.065,0.01,0.02,0.026,0.024,0.013,0.027,0.032,0.029,0.005,0.007,0.013,0.013,0.005,0.011,0.011,0.013,0.002,0.003,0.006,0.006,0.003,0.005,0.006,0.008,0.001,0.002,0.002,0.002,0.002,0.003,0.004,0.003,0.199
LOSSREG,BUF,2023020612,0.1218,0.058,0.028,0.013,0.005,0.0,83.4,0.001,0.035,0.022,0.044,0.01,0.045,0.007,0.016,0.018,0.018,0.008,0.017,0.02,0.018,0.004,0.007,0.009,0.009,0.004,0.008,0.009,0.009,0.002,0.004,0.004,0.004,0.002,0.004,0.004,0.004,0.001,0.001,0.002,0.001,0.001,0.003,0.002,0.003,0.164
ALL,DET,2023020620,0.0961,0.034,0.012,0.004,0.002,0.0,82.3,0.001,0.042,0.019,0.036,0.007,0.033,0.003,0.008,0.01,0.013,0.011,0.017,0.019,0.015,0.001,0.003,0.004,0.004,0.004,0.006,0.007,0.005,0.001,0.001,0.002,0.002,0.002,0.002,0.003,0.002,0.0,0.0,0.0,0.001,0.001,0.001,0.001,0.001,0.117
WINREG,DET,2023020620,0.1093,0.038,0.014,0.005,0.002,0.0,82.9,0.002,0.039,0.021,0.04,0.009,0.038,0.003,0.009,0.011,0.015,0.012,0.02,0.022,0.017,0.002,0.004,0.004,0.004,0.004,0.006,0.008,0.006,0.001,0.001,0.002,0.002,0.002,0.003,0.003,0.002,0.0,0.0,0.0,0.001,0.001,0.001,0.001,0.001,0.13
LOSSOT,DET,2023020620,0.09,0.031,0.011,0.004,0.003,0.0,82.0,0.002,0.043,0.02,0.033,0.007,0.029,0.003,0.007,0.012,0.009,0.01,0.016,0.019,0.014,0.001,0.002,0.005,0.003,0.003,0.005,0.006,0.006,0.001,0.001,0.002,0.001,0.002,0.001,0.002,0.002,0.0,0.001,0.001,0.001,0.0,0.001,0.001,0.0,0.111
WINOT,DET,2023020620,0.1066,0.036,0.013,0.004,0.002,0.0,82.9,0.001,0.04,0.022,0.039,0.01,0.035,0.003,0.009,0.011,0.014,0.01,0.019,0.022,0.019,0.002,0.004,0.004,0.004,0.004,0.007,0.006,0.006,0.001,0.001,0.001,0.002,0.002,0.002,0.003,0.002,0.0,0.0,0.0,0.001,0.001,0.001,0.001,0.0,0.13
LOSSREG,DET,2023020620,0.0699,0.026,0.01,0.003,0.001,0.0,80.9,0.0,0.047,0.013,0.027,0.005,0.024,0.002,0.006,0.008,0.011,0.008,0.012,0.012,0.011,0.001,0.003,0.003,0.003,0.002,0.005,0.006,0.004,0.001,0.001,0.001,0.001,0.001,0.002,0.002,0.001,0.0,0.0,0.0,0.0,0.0,0.001,0.001,0.001,0.091
ALL,STL,2023020608,0.083,0.022,0.008,0.002,0.001,0.0,82.2,0.0,0.041,0.027,0.046,0.001,0.009,0.002,0.004,0.009,0.008,0.012,0.018,0.016,0.015,0.001,0.002,0.003,0.002,0.002,0.005,0.004,0.004,0.0,0.001,0.001,0.001,0.001,0.001,0.002,0.001,0.0,0.0,0.0,0.001,0.0,0.0,0.0,0.0,0.103
WINREG,STL,2023020608,0.1049,0.027,0.008,0.003,0.001,0.0,83.4,0.0,0.036,0.035,0.056,0.001,0.013,0.002,0.006,0.01,0.009,0.015,0.025,0.018,0.02,0.001,0.001,0.004,0.002,0.003,0.006,0.004,0.005,0.0,0.001,0.001,0.001,0.001,0.001,0.002,0.001,0.0,0.0,0.0,0.001,0.0,0.0,0.001,0.0,0.123
LOSSOT,STL,2023020608,0.0838,0.026,0.011,0.003,0.001,0.0,82.5,0.0,0.04,0.024,0.05,0.001,0.009,0.002,0.003,0.011,0.01,0.012,0.017,0.014,0.015,0.001,0.003,0.004,0.003,0.002,0.005,0.004,0.004,0.0,0.001,0.0,0.002,0.001,0.001,0.003,0.002,0.0,0.0,0.0,0.0,0.0,0.0,0.001,0.001,0.106
WINOT,STL,2023020608,0.0978,0.026,0.009,0.003,0.001,0.0,83.4,0.0,0.037,0.031,0.053,0.002,0.011,0.002,0.006,0.011,0.006,0.012,0.023,0.021,0.017,0.001,0.002,0.003,0.003,0.003,0.004,0.004,0.005,0.0,0.0,0.001,0.001,0.001,0.002,0.001,0.002,0.0,0.0,0.0,0.0,0.001,0.001,0.0,0.001,0.12
LOSSREG,STL,2023020608,0.0714,0.02,0.006,0.002,0.001,0.0,81.5,0.0,0.044,0.023,0.04,0.001,0.008,0.002,0.004,0.008,0.007,0.01,0.015,0.014,0.012,0.001,0.001,0.002,0.002,0.002,0.004,0.003,0.004,0.0,0.0,0.001,0.001,0.001,0.001,0.001,0.001,0.0,0.0,0.0,0.0,0.0,0.0,0.0,0.0,0.092
ALL,WSH,2023020618,0.066,0.018,0.006,0.002,0.0,0.0,81.1,0.0,0.048,0.018,0.036,0.002,0.009,0.002,0.004,0.006,0.006,0.008,0.016,0.012,0.011,0.001,0.001,0.002,0.002,0.002,0.004,0.003,0.004,0.0,0.001,0.0,0.001,0.001,0.001,0.001,0.001,0.0,0.0,0.0,0.0,0.0,0.0,0.001,0.0,0.028
WINREG,WSH,2023020618,0.0849,0.023,0.007,0.002,0.001,0.0,82.5,0.0,0.043,0.024,0.045,0.003,0.012,0.002,0.005,0.007,0.008,0.011,0.022,0.016,0.013,0.001,0.002,0.002,0.002,0.003,0.005,0.004,0.004,0.0,0.001,0.0,0.001,0.001,0.001,0.001,0.001,0.0,0.0,0.0,0.0,0.0,0.0,0.001,0.0,0.036
LOSSOT,WSH,2023020618,0.0698,0.019,0.007,0.002,0.001,0.0,81.4,0.001,0.047,0.021,0.036,0.001,0.01,0.001,0.004,0.007,0.007,0.011,0.018,0.011,0.011,0.001,0.002,0.003,0.001,0.001,0.003,0.003,0.004,0.0,0.0,0.0,0.001,0.001,0.002,0.001,0.001,0.0,0.0,0.0,0.0,0.001,0.0,0.001,0.0,0.031
WINOT,WSH,2023020618,0.085,0.022,0.005,0.003,0.0,0.0,82.4,0.001,0.043,0.025,0.045,0.004,0.011,0.003,0.006,0.007,0.006,0.011,0.019,0.017,0.015,0.001,0.002,0.002,0.001,0.004,0.005,0.004,0.004,0.0,0.001,0.001,0.001,0.0,0.001,0.0,0.001,0.0,0.0,0.0,0.0,0.001,0.001,0.001,0.0,0.037
LOSSREG,WSH,2023020618,0.055,0.016,0.005,0.002,0.0,0.0,80.3,0.0,0.051,0.015,0.031,0.002,0.008,0.002,0.003,0.006,0.006,0.007,0.013,0.011,0.009,0.001,0.001,0.002,0.002,0.002,0.003,0.003,0.003,0.0,0.0,0.0,0.001,0.0,0.001,0.001,0.001,0.0,0.0,0.0,0.0,0.0,0.0,0.0,0.0,0.023
ALL,MTL,2023020610,0.0303,0.01,0.004,0.002,0.001,0.0,77.8,0.0,0.063,0.005,0.013,0.002,0.01,0.001,0.002,0.004,0.003,0.003,0.006,0.005,0.006,0.0,0.001,0.001,0.002,0.001,0.002,0.002,0.002,0.0,0.0,0.0,0.001,0.0,0.0,0.001,0.001,0.0,0.0,0.0,0.0,0.0,0.0,0.0,0.0,0.045
WINREG,MTL,2023020610,0.0409,0.014,0.006,0.002,0.001,0.0,79.0,0.0,0.058,0.007,0.017,0.003,0.013,0.001,0.003,0.005,0.005,0.005,0.008,0.007,0.008,0.0,0.001,0.002,0.002,0.001,0.003,0.002,0.002,0.0,0.0,0.001,0.001,0.001,0.0,0.001,0.001,0.0,0.0,0.0,0.0,0.0,0.0,0.001,0.0,0.056
LOSSOT,MTL,2023020610,0.032,0.012,0.005,0.002,0.0,0.0,77.9,0.001,0.062,0.006,0.015,0.002,0.009,0.001,0.003,0.004,0.004,0.003,0.005,0.005,0.006,0.0,0.001,0.002,0.003,0.001,0.002,0.001,0.002,0.0,0.001,0.001,0.0,0.0,0.001,0.002,0.001,0.0,0.0,0.0,0.0,0.001,0.0,0.0,0.001,0.048
WINOT,MTL,2023020610,0.0397,0.014,0.005,0.002,0.0,0.0,79.1,0.0,0.058,0.008,0.013,0.003,0.015,0.002,0.003,0.006,0.004,0.003,0.009,0.008,0.006,0.0,0.002,0.002,0.001,0.002,0.002,0.003,0.002,0.0,0.0,0.0,0.001,0.0,0.001,0.001,0.001,0.0,0.0,0.0,0.0,0.0,0.0,0.001,0.001,0.056
LOSSREG,MTL,2023020610,0.0236,0.008,0.003,0.001,0.0,0.0,76.9,0.0,0.066,0.004,0.01,0.001,0.008,0.001,0.001,0.003,0.003,0.003,0.004,0.004,0.005,0.0,0.001,0.001,0.001,0.001,0.001,0.001,0.001,0.0,0.0,0.0,0.001,0.0,0.0,0.001,0.001,0.0,0.0,0.0,0.0,0.0,0.0,0.0,0.0,0.037
ALL,OTT,2023020615,0.0252,0.01,0.004,0.002,0.001,0.0,75.3,0.0,0.071,0.004,0.011,0.002,0.009,0.001,0.002,0.003,0.003,0.002,0.005,0.004,0.004,0.0,0.001,0.002,0.001,0.001,0.001,0.002,0.002,0.0,0.001,0.001,0.001,0.0,0.001,0.001,0.001,0.0,0.0,0.0,0.0,0.0,0.0,0.0,0.0,0.037
WINREG,OTT,2023020615,0.0341,0.011,0.005,0.003,0.001,0.0,76.7,0.0,0.065,0.005,0.015,0.002,0.011,0.002,0.003,0.003,0.003,0.004,0.007,0.006,0.007,0.001,0.001,0.002,0.002,0.001,0.001,0.002,0.001,0.0,0.001,0.001,0.001,0.0,0.001,0.001,0.001,0.0,0.0,0.0,0.0,0.0,0.0,0.0,0.0,0.047
LOSSOT,OTT,2023020615,0.0257,0.011,0.004,0.002,0.001,0.0,75.5,0.0,0.07,0.005,0.011,0.002,0.007,0.001,0.003,0.004,0.003,0.003,0.004,0.004,0.004,0.0,0.001,0.002,0.001,0.001,0.002,0.002,0.002,0.0,0.001,0.001,0.0,0.0,0.0,0.001,0.001,0.0,0.0,0.001,0.0,0.0,0.0,0.001,0.0,0.036
WINOT,OTT,2023020615,0.0339,0.015,0.008,0.003,0.001,0.0,76.5,0.0,0.066,0.005,0.013,0.002,0.013,0.002,0.004,0.005,0.004,0.002,0.007,0.005,0.005,0.001,0.002,0.003,0.002,0.001,0.002,0.002,0.002,0.0,0.001,0.001,0.0,0.001,0.001,0.001,0.001,0.0,0.001,0.0,0.0,0.0,0.001,0.001,0.001,0.041
LOSSREG,OTT,2023020615,0.0202,0.008,0.003,0.001,0.001,0.0,74.6,0.0,0.074,0.003,0.009,0.001,0.007,0.001,0.002,0.003,0.002,0.002,0.004,0.003,0.003,0.0,0.001,0.001,0.001,0.0,0.001,0.002,0.002,0.0,0.0,0.0,0.0,0.0,0.0,0.0,0.0,0.0,0.0,0.0,0.0,0.0,0.0,0.0,0.0,0.032
ALL,CBJ,2023020609,0.0034,0.001,0.001,0.0,0.0,0.0,71.8,0.0,0.088,0.001,0.002,0.0,0.0,0.0,0.0,0.001,0.0,0.0,0.001,0.0,0.001,0.0,0.0,0.0,0.0,0.0,0.0,0.0,0.0,0.0,0.0,0.0,0.0,0.0,0.0,0.0,0.0,0.0,0.0,0.0,0.0,0.0,0.0,0.0,0.0,0.002
WINREG,CBJ,2023020609,0.0041,0.001,0.001,0.0,0.0,0.0,72.7,0.0,0.084,0.001,0.003,0.0,0.0,0.0,0.0,0.001,0.0,0.0,0.001,0.0,0.001,0.0,0.0,0.0,0.0,0.0,0.0,0.0,0.0,0.0,0.0,0.0,0.0,0.0,0.0,0.0,0.0,0.0,0.0,0.0,0.0,0.0,0.0,0.0,0.0,0.002
LOSSOT,CBJ,2023020609,0.0037,0.002,0.001,0.0,0.0,0.0,71.8,0.0,0.088,0.001,0.003,0.0,0.0,0.0,0.0,0.001,0.001,0.0,0.0,0.0,0.0,0.0,0.0,0.0,0.0,0.0,0.001,0.0,0.0,0.0,0.0,0.0,0.0,0.0,0.0,0.0,0.0,0.0,0.0,0.0,0.0,0.0,0.0,0.0,0.0,0.001
WINOT,CBJ,2023020609,0.0049,0.002,0.001,0.0,0.0,0.0,72.7,0.0,0.085,0.001,0.002,0.001,0.001,0.0,0.0,0.001,0.001,0.0,0.002,0.001,0.001,0.0,0.0,0.0,0.0,0.0,0.001,0.0,0.0,0.0,0.0,0.0,0.0,0.0,0.0,0.001,0.0,0.0,0.0,0.0,0.0,0.0,0.0,0.0,0.0,0.002
LOSSREG,CBJ,2023020609,0.0024,0.001,0.0,0.0,0.0,0.0,70.7,0.0,0.092,0.001,0.002,0.0,0.0,0.0,0.0,0.0,0.0,0.0,0.001,0.0,0.001,0.0,0.0,0.0,0.0,0.0,0.0,0.0,0.0,0.0,0.0,0.0,0.0,0.0,0.0,0.0,0.0,0.0,0.0,0.0,0.0,0.0,0.0,0.0,0.0,0.001
ALL,ANA,2023020620,0.0001,0.0,0.0,0.0,0.0,0.0,63.6,0.0,0.13,0.0,0.0,0.0,0.0,0.0,0.0,0.0,0.0,0.0,0.0,0.0,0.0,0.0,0.0,0.0,0.0,0.0,0.0,0.0,0.0,0.0,0.0,0.0,0.0,0.0,0.0,0.0,0.0,0.0,0.0,0.0,0.0,0.0,0.0,0.0,0.0,0.0
WINREG,ANA,2023020620,0.0002,0.0,0.0,0.0,0.0,0.0,64.6,0.0,0.124,0.0,0.0,0.0,0.0,0.0,0.0,0.0,0.0,0.0,0.0,0.0,0.0,0.0,0.0,0.0,0.0,0.0,0.0,0.0,0.0,0.0,0.0,0.0,0.0,0.0,0.0,0.0,0.0,0.0,0.0,0.0,0.0,0.0,0.0,0.0,0.0,0.0
LOSSOT,ANA,2023020620,0.0003,0.0,0.0,0.0,0.0,0.0,63.8,0.0,0.128,0.0,0.0,0.0,0.0,0.0,0.0,0.0,0.0,0.0,0.0,0.0,0.0,0.0,0.0,0.0,0.0,0.0,0.0,0.0,0.0,0.0,0.0,0.0,0.0,0.0,0.0,0.0,0.0,0.0,0.0,0.0,0.0,0.0,0.0,0.0,0.0,0.0
WINOT,ANA,2023020620,0.0,0.0,0.0,0.0,0.0,0.0,64.7,0.0,0.125,0.0,0.0,0.0,0.0,0.0,0.0,0.0,0.0,0.0,0.0,0.0,0.0,0.0,0.0,0.0,0.0,0.0,0.0,0.0,0.0,0.0,0.0,0.0,0.0,0.0,0.0,0.0,0.0,0.0,0.0,0.0,0.0,0.0,0.0,0.0,0.0,0.0
LOSSREG,ANA,2023020620,0.0001,0.0,0.0,0.0,0.0,0.0,62.7,0.0,0.135,0.0,0.0,0.0,0.0,0.0,0.0,0.0,0.0,0.0,0.0,0.0,0.0,0.0,0.0,0.0,0.0,0.0,0.0,0.0,0.0,0.0,0.0,0.0,0.0,0.0,0.0,0.0,0.0,0.0,0.0,0.0,0.0,0.0,0.0,0.0,0.0,0.0
ALL,CHI,2023020617,0.0,0.0,0.0,0.0,0.0,0.0,59.0,0.0,0.162,0.0,0.0,0.0,0.0,0.0,0.0,0.0,0.0,0.0,0.0,0.0,0.0,0.0,0.0,0.0,0.0,0.0,0.0,0.0,0.0,0.0,0.0,0.0,0.0,0.0,0.0,0.0,0.0,0.0,0.0,0.0,0.0,0.0,0.0,0.0,0.0,0.0
WINREG,CHI,2023020617,0.0001,0.0,0.0,0.0,0.0,0.0,60.2,0.0,0.155,0.0,0.0,0.0,0.0,0.0,0.0,0.0,0.0,0.0,0.0,0.0,0.0,0.0,0.0,0.0,0.0,0.0,0.0,0.0,0.0,0.0,0.0,0.0,0.0,0.0,0.0,0.0,0.0,0.0,0.0,0.0,0.0,0.0,0.0,0.0,0.0,0.0
LOSSOT,CHI,2023020617,0.0,0.0,0.0,0.0,0.0,0.0,59.2,0.0,0.162,0.0,0.0,0.0,0.0,0.0,0.0,0.0,0.0,0.0,0.0,0.0,0.0,0.0,0.0,0.0,0.0,0.0,0.0,0.0,0.0,0.0,0.0,0.0,0.0,0.0,0.0,0.0,0.0,0.0,0.0,0.0,0.0,0.0,0.0,0.0,0.0,0.0
WINOT,CHI,2023020617,0.0,0.0,0.0,0.0,0.0,0.0,60.3,0.0,0.155,0.0,0.0,0.0,0.0,0.0,0.0,0.0,0.0,0.0,0.0,0.0,0.0,0.0,0.0,0.0,0.0,0.0,0.0,0.0,0.0,0.0,0.0,0.0,0.0,0.0,0.0,0.0,0.0,0.0,0.0,0.0,0.0,0.0,0.0,0.0,0.0,0.0
LOSSREG,CHI,2023020617,0.0,0.0,0.0,0.0,0.0,0.0,58.2,0.0,0.167,0.0,0.0,0.0,0.0,0.0,0.0,0.0,0.0,0.0,0.0,0.0,0.0,0.0,0.0,0.0,0.0,0.0,0.0,0.0,0.0,0.0,0.0,0.0,0.0,0.0,0.0,0.0,0.0,0.0,0.0,0.0,0.0,0.0,0.0,0.0,0.0,0.0
ALL,SJS,2023020613,0.0,0.0,0.0,0.0,0.0,0.0,56.0,0.0,0.19,0.0,0.0,0.0,0.0,0.0,0.0,0.0,0.0,0.0,0.0,0.0,0.0,0.0,0.0,0.0,0.0,0.0,0.0,0.0,0.0,0.0,0.0,0.0,0.0,0.0,0.0,0.0,0.0,0.0,0.0,0.0,0.0,0.0,0.0,0.0,0.0,0.0
WINREG,SJS,2023020613,0.0,0.0,0.0,0.0,0.0,0.0,57.3,0.0,0.183,0.0,0.0,0.0,0.0,0.0,0.0,0.0,0.0,0.0,0.0,0.0,0.0,0.0,0.0,0.0,0.0,0.0,0.0,0.0,0.0,0.0,0.0,0.0,0.0,0.0,0.0,0.0,0.0,0.0,0.0,0.0,0.0,0.0,0.0,0.0,0.0,0.0
LOSSOT,SJS,2023020613,0.0,0.0,0.0,0.0,0.0,0.0,56.3,0.0,0.188,0.0,0.0,0.0,0.0,0.0,0.0,0.0,0.0,0.0,0.0,0.0,0.0,0.0,0.0,0.0,0.0,0.0,0.0,0.0,0.0,0.0,0.0,0.0,0.0,0.0,0.0,0.0,0.0,0.0,0.0,0.0,0.0,0.0,0.0,0.0,0.0,0.0
WINOT,SJS,2023020613,0.0002,0.0,0.0,0.0,0.0,0.0,57.3,0.0,0.184,0.0,0.0,0.0,0.0,0.0,0.0,0.0,0.0,0.0,0.0,0.0,0.0,0.0,0.0,0.0,0.0,0.0,0.0,0.0,0.0,0.0,0.0,0.0,0.0,0.0,0.0,0.0,0.0,0.0,0.0,0.0,0.0,0.0,0.0,0.0,0.0,0.0
LOSSREG,SJS,2023020613,0.0,0.0,0.0,0.0,0.0,0.0,55.3,0.0,0.193,0.0,0.0,0.0,0.0,0.0,0.0,0.0,0.0,0.0,0.0,0.0,0.0,0.0,0.0,0.0,0.0,0.0,0.0,0.0,0.0,0.0,0.0,0.0,0.0,0.0,0.0,0.0,0.0,0.0,0.0,0.0,0.0,0.0,0.0,0.0,0.0,0.0
